cgpa,skill_count,projects,certificates,assessment_score,internship_months,placed,synthetic
8.38,1,5,2,66,7,0,true
5.96,12,4,0,89,1,0,true
6.48,9,4,0,60,17,1,true
7.52,5,0,1,89,10,0,true
6.47,13,2,0,46,12,0,true
9.31,10,2,0,93,17,1,true
9.65,2,4,2,81,18,1,true
5.81,11,1,2,45,7,0,true
7.21,8,5,2,55,11,1,true
8.52,12,5,0,56,17,1,true
6.24,7,2,4,63,10,1,true
8.99,4,0,2,86,8,0,true
9.61,10,5,2,62,15,1,true
9.62,8,1,2,52,7,1,true
7.93,12,4,3,86,11,1,true
9.99,9,3,0,41,3,0,true
6.22,11,3,4,43,12,1,true
9.98,9,2,4,36,3,1,true
7.92,5,5,2,49,9,1,true
7.54,12,5,2,99,5,1,true
5.98,11,2,4,60,4,0,true
6.23,13,4,0,76,15,1,true
9.68,15,2,1,42,7,1,true
9.76,2,5,3,43,17,1,true
6.08,8,4,1,68,16,1,true
7.4,4,4,1,74,12,1,true
8.42,8,4,3,50,7,0,true
7.02,10,4,1,63,0,0,true
8.34,4,0,0,77,2,0,true
6.75,8,1,4,51,18,1,true
6.59,8,3,1,47,3,0,true
7.09,7,3,0,47,1,0,true
7.03,14,0,1,59,6,0,true
6.13,3,2,3,66,2,0,true
9.38,9,0,0,36,2,0,true
9.32,3,3,3,96,6,1,true
9.56,3,3,0,84,8,1,true
9.03,5,3,4,97,4,1,true
6.48,1,4,4,42,10,0,true
8.13,9,4,1,42,16,1,true
6.34,10,0,1,86,3,0,true
8.06,10,4,0,45,13,1,true
8.04,6,2,1,75,7,0,true
6.09,11,2,3,75,2,0,true
8.3,10,0,0,62,16,1,true
9.7,15,0,1,82,9,1,true
9.25,12,2,4,36,17,1,true
8.49,15,1,2,49,3,1,true
6.2,5,4,1,78,6,0,true
9.34,9,3,2,41,2,1,true
9.23,1,0,2,51,8,0,true
7.49,12,3,4,36,3,0,true
9.47,15,1,4,39,11,1,true
6.17,3,0,2,81,1,0,true
6.45,4,5,0,80,17,1,true
7.33,10,5,1,65,5,1,true
9.15,15,3,0,57,10,1,true
7.35,11,5,1,69,5,1,true
5.99,14,0,3,63,6,1,true
7.57,5,1,1,38,6,0,true
6.75,2,2,2,100,12,1,true
9.3,6,0,0,68,5,0,true
9.93,1,0,4,90,11,1,true
6.91,10,4,0,84,18,1,true
5.7,7,0,4,60,11,0,true
9.77,15,2,4,75,3,1,true
6.85,5,5,3,76,12,1,true
7.99,4,3,3,57,18,1,true
7.97,1,2,2,61,13,1,true
8.23,6,3,3,91,6,1,true
9.07,13,5,1,45,9,1,true
8.35,6,0,1,74,7,0,true
6.16,1,1,3,44,14,0,true
8.33,4,5,3,98,12,1,true
8.45,1,0,3,63,5,0,true
8.63,8,0,4,66,3,0,true
9.11,11,4,4,75,14,1,true
8.74,9,3,4,92,5,1,true
7.64,5,1,2,97,7,0,true
5.85,5,1,2,77,10,0,true
5.86,3,1,3,54,6,0,true
7.33,9,3,3,42,6,1,true
7.25,13,4,0,83,15,1,true
7.08,13,3,3,63,15,1,true
7.46,1,3,2,86,5,0,true
9.64,10,4,0,85,18,1,true
5.62,11,3,1,94,5,0,true
7.21,4,3,2,78,12,0,true
9.78,7,2,0,95,0,1,true
5.73,6,1,0,40,0,0,true
6.4,1,4,1,65,4,0,true
6.01,4,3,2,82,5,0,true
9.84,12,0,1,74,3,1,true
9.68,10,5,3,85,6,1,true
8.61,11,1,0,73,3,1,true
8.05,1,2,4,89,11,0,true
8.41,1,3,3,48,13,1,true
8.36,14,3,1,90,5,1,true
9.84,5,4,4,96,14,1,true
8.79,5,2,1,46,8,1,true
6.6,8,4,4,83,10,1,true
9.33,3,3,1,80,8,1,true
9.46,12,2,4,36,16,1,true
5.89,12,3,3,65,15,1,true
7.71,13,0,0,72,7,0,true
6.59,11,4,2,95,17,1,true
7.41,12,4,2,80,14,1,true
6.63,2,5,1,75,3,0,true
9.78,12,1,1,62,15,1,true
8.15,13,4,4,71,3,1,true
6.83,6,1,2,36,17,0,true
5.7,1,4,2,51,15,0,true
5.56,5,3,3,91,10,0,true
5.73,14,3,0,43,12,1,true
8.1,11,0,1,54,18,1,true
5.88,4,0,4,88,7,0,true
7.21,15,3,2,89,9,1,true
5.77,12,0,1,62,8,0,true
6.21,3,4,0,55,0,0,true
8.6,8,2,0,64,9,1,true
8.66,8,0,1,68,18,1,true
9.7,7,0,4,63,4,1,true
9.22,2,0,1,74,18,1,true
7.48,8,5,2,86,8,1,true
7.72,2,4,0,90,10,1,true
5.62,4,5,4,37,8,0,true
8.93,3,3,4,91,8,1,true
8.13,11,3,0,95,11,1,true
6.94,2,1,2,87,15,0,true
9.75,14,4,0,93,2,1,true
6.95,13,3,4,35,17,1,true
5.74,9,2,4,98,14,1,true
6.42,9,1,2,91,15,1,true
9.88,10,1,1,74,17,1,true
7.34,4,0,3,50,4,0,true
8.72,9,5,2,88,15,1,true
6.6,9,1,3,59,16,1,true
6.11,2,2,3,78,16,0,true
5.51,12,2,4,97,4,1,true
7.68,6,4,4,83,14,1,true
9.41,12,1,4,84,7,1,true
7.35,6,5,3,83,12,1,true
9.07,11,1,3,39,4,0,true
8.16,14,0,3,47,16,1,true
5.57,3,3,1,44,15,0,true
6.69,10,5,3,45,10,1,true
9.37,7,2,3,39,2,0,true
8.58,5,1,0,90,3,0,true
8.67,2,3,1,73,0,0,true
9.08,5,2,2,90,4,0,true
7.35,11,1,1,57,2,0,true
7.22,11,1,3,53,7,0,true
6.64,5,5,0,94,9,1,true
6.21,8,2,4,73,13,1,true
7.56,5,1,3,96,3,0,true
8.07,10,2,2,37,12,0,true
8.05,11,5,0,98,9,1,true
6.54,13,2,1,59,8,1,true
8.74,11,5,1,47,1,0,true
7.48,10,2,1,46,9,0,true
7.37,4,1,4,81,16,1,true
6.73,3,2,3,72,10,1,true
7.61,2,1,1,85,17,1,true
9.06,1,2,4,50,14,0,true
8.87,5,4,3,82,3,1,true
7.62,10,4,2,63,2,1,true
7.59,12,2,3,49,4,0,true
5.67,8,0,0,65,17,0,true
7.54,11,5,4,88,18,1,true
6.2,7,5,0,97,13,1,true
6.76,12,2,1,91,14,1,true
9.35,2,5,2,80,1,0,true
6.35,2,3,0,62,0,0,true
7.0,3,4,1,43,17,0,true
6.47,14,1,2,53,0,0,true
9.93,3,4,2,57,3,1,true
5.62,1,2,1,76,0,0,true
5.74,12,3,4,49,2,0,true
9.0,9,4,0,92,16,1,true
8.27,12,5,4,73,14,1,true
5.64,8,3,3,48,15,1,true
7.5,15,0,2,53,2,0,true
8.31,10,4,2,83,16,1,true
7.77,7,0,0,62,13,0,true
6.53,6,3,3,88,3,0,true
6.91,5,2,1,95,2,0,true
5.88,7,0,2,51,17,0,true
9.8,9,2,0,87,11,1,true
9.74,7,5,0,71,9,1,true
8.1,4,1,3,63,3,0,true
8.0,2,2,4,63,13,1,true
9.89,14,4,4,38,8,1,true
6.73,13,2,2,79,0,0,true
6.14,11,3,0,53,0,0,true
7.89,7,3,3,78,5,1,true
8.75,13,4,4,45,1,0,true
8.89,1,5,0,69,14,1,true
7.69,8,3,2,62,16,1,true
7.43,5,5,4,97,16,1,true
5.7,7,4,0,35,6,0,true
6.45,3,2,2,76,3,0,true
8.86,3,1,3,64,16,1,true
8.51,6,0,3,40,13,0,true
9.65,14,2,4,89,18,1,true
8.38,5,0,3,37,10,0,true
9.76,8,5,2,46,13,1,true
6.59,10,3,4,45,12,1,true
8.86,4,2,1,44,16,1,true
7.89,4,2,2,53,7,0,true
6.65,3,4,1,44,5,0,true
8.33,8,4,4,92,18,1,true
9.94,6,5,2,54,14,1,true
7.49,5,2,4,42,11,0,true
6.9,8,0,0,82,9,0,true
9.39,14,0,4,99,12,1,true
7.99,13,5,0,92,18,1,true
6.95,8,4,1,42,14,0,true
9.55,6,5,0,99,5,1,true
8.68,8,4,4,55,11,1,true
6.77,7,2,4,41,10,0,true
5.93,11,3,2,67,4,0,true
8.12,3,2,2,85,4,0,true
9.72,5,4,3,77,4,1,true
9.23,12,5,4,46,13,1,true
5.58,5,1,1,78,15,0,true
10.0,3,0,2,47,16,1,true
9.26,15,4,0,78,4,1,true
6.19,3,5,4,56,14,0,true
7.14,12,1,3,71,14,1,true
6.58,13,3,1,82,18,1,true
7.58,5,3,4,88,5,1,true
9.11,3,2,0,96,11,1,true
5.96,14,4,0,71,2,1,true
6.73,15,4,1,90,2,1,true
6.5,8,2,0,88,1,0,true
7.18,7,0,2,63,0,0,true
5.95,12,5,2,53,4,0,true
9.63,8,5,1,95,14,1,true
9.58,1,2,1,54,17,1,true
8.24,7,0,2,65,9,0,true
6.57,11,4,3,43,3,1,true
7.75,9,0,4,65,4,0,true
5.51,6,1,4,88,5,0,true
5.89,6,0,4,99,16,1,true
7.26,8,0,3,82,8,1,true
7.11,2,2,1,48,18,1,true
7.0,1,2,4,78,5,0,true
8.58,12,3,1,52,2,1,true
9.75,1,2,1,40,6,0,true
6.92,5,4,3,95,8,0,true
8.41,5,2,0,77,8,0,true
7.16,15,3,3,84,10,1,true
7.73,8,2,4,69,2,1,true
5.86,10,1,4,72,10,0,true
6.98,5,2,3,89,5,1,true
7.08,1,5,2,90,8,1,true
9.06,1,0,3,81,16,1,true
8.56,1,1,4,91,1,0,true
6.56,11,2,2,84,18,1,true
6.19,8,2,2,91,2,0,true
7.88,7,2,2,66,3,0,true
6.34,9,3,4,50,8,1,true
8.67,4,4,2,97,6,1,true
9.34,8,1,3,46,10,1,true
8.69,9,4,2,73,5,1,true
9.67,11,1,2,100,7,1,true
6.4,3,1,3,38,11,0,true
7.16,13,4,1,46,2,0,true
10.0,12,3,4,87,13,1,true
5.83,6,5,0,92,14,1,true
7.05,15,4,4,58,4,1,true
9.6,1,0,4,54,9,0,true
6.95,12,1,2,71,2,0,true
8.36,9,2,1,73,17,1,true
8.38,10,4,1,56,10,1,true
8.04,14,0,0,40,18,1,true
6.45,10,3,4,38,15,1,true
7.96,11,2,3,66,12,1,true
5.83,1,1,3,88,15,0,true
7.03,3,2,2,79,12,0,true
7.17,9,0,2,65,14,0,true
7.52,3,0,0,72,12,0,true
7.38,14,1,2,75,6,1,true
7.74,9,3,3,74,15,1,true
9.75,9,3,1,62,18,1,true
5.73,8,4,3,71,17,1,true
5.98,3,2,2,86,11,0,true
5.73,9,1,2,71,2,0,true
7.53,9,2,4,50,4,1,true
7.27,13,2,4,81,4,1,true
7.79,9,0,0,39,4,0,true
9.12,9,3,1,100,4,1,true
8.26,3,3,4,73,18,1,true
9.23,9,3,4,73,15,1,true
7.16,11,0,3,74,0,0,true
6.69,11,4,4,64,1,1,true
6.27,11,5,4,83,4,1,true
6.59,10,5,0,59,0,0,true
7.38,7,5,1,87,16,1,true
9.64,14,5,0,52,16,1,true
6.96,11,3,4,83,10,1,true
7.57,9,2,4,80,8,1,true
6.37,4,2,4,73,7,1,true
9.92,13,2,1,97,10,1,true
8.02,15,5,2,71,3,1,true
7.94,15,3,2,53,9,1,true
9.8,2,2,3,67,15,1,true
9.23,5,4,2,52,3,0,true
8.14,4,0,4,63,7,0,true
7.36,12,3,0,52,0,1,true
9.9,3,3,3,96,6,1,true
6.79,5,5,0,46,18,1,true
8.82,14,0,1,88,5,1,true
5.66,14,3,3,58,9,1,true
5.54,10,4,0,77,9,1,true
8.39,9,3,1,99,14,1,true
9.14,6,1,3,67,5,0,true
7.02,5,4,1,57,12,1,true
7.82,2,3,0,58,4,0,true
9.71,1,2,3,65,14,1,true
9.79,5,4,4,36,8,1,true
8.62,1,5,0,94,9,0,true
8.59,15,5,2,50,9,1,true
6.49,3,3,1,93,11,0,true
7.97,8,4,1,66,2,0,true
7.88,6,0,4,49,1,0,true
9.56,4,4,4,54,5,0,true
7.84,2,5,1,97,2,1,true
7.5,1,3,1,100,13,1,true
5.76,8,5,2,37,12,0,true
5.51,4,4,0,40,13,0,true
5.79,1,0,3,39,9,0,true
8.96,13,5,3,82,12,1,true
9.63,7,3,0,52,11,0,true
9.97,7,4,1,63,0,1,true
9.9,8,5,4,89,17,1,true
6.53,8,2,1,70,6,1,true
8.76,2,0,3,37,7,0,true
5.95,1,3,4,41,7,0,true
7.31,4,4,1,42,4,0,true
6.8,14,5,4,75,18,1,true
8.53,6,1,2,53,16,0,true
6.85,1,4,4,57,13,1,true
5.71,6,5,3,75,13,1,true
6.85,3,4,3,65,7,0,true
8.68,13,3,0,87,13,1,true
6.1,4,2,1,77,2,0,true
9.31,2,4,1,41,8,0,true
8.22,1,0,1,62,15,0,true
9.58,5,0,1,59,3,0,true
8.89,15,1,4,61,12,1,true
7.98,13,2,3,94,17,1,true
6.89,6,4,3,94,3,1,true
8.75,13,2,1,82,10,1,true
8.03,4,5,1,37,8,0,true
8.13,12,3,2,54,6,1,true
7.21,14,1,3,78,8,1,true
7.7,12,5,3,93,5,1,true
7.08,3,5,4,97,5,1,true
7.94,11,0,4,39,2,0,true
8.51,13,0,3,52,7,0,true
6.18,4,4,3,82,1,0,true
8.5,10,3,3,37,0,0,true
7.35,1,4,2,71,0,0,true
8.64,7,1,0,47,16,0,true
6.36,9,2,2,69,12,0,true
9.82,8,4,1,63,9,1,true
9.32,11,5,0,46,12,1,true
7.99,1,5,0,56,2,0,true
7.45,13,2,4,47,16,1,true
6.53,15,5,4,95,8,1,true
5.83,15,2,4,39,5,1,true
6.92,4,4,1,85,2,0,true
8.04,10,3,4,77,12,1,true
6.13,12,5,0,99,11,1,true
7.47,14,0,2,85,10,1,true
6.73,8,3,1,80,17,1,true
7.44,11,4,3,45,9,1,true
8.71,2,2,1,83,4,0,true
6.93,2,0,0,74,14,0,true
6.71,3,0,1,90,14,0,true
7.81,2,0,0,80,17,0,true
8.19,6,3,0,72,13,1,true
5.88,15,4,1,56,12,1,true
6.71,5,3,1,43,5,0,true
7.39,8,0,2,67,7,0,true
7.73,10,1,3,48,4,0,true
9.77,6,4,3,77,14,1,true
9.17,14,5,4,52,9,1,true
9.76,4,3,2,57,12,1,true
6.81,12,5,3,66,10,1,true
9.17,7,2,0,60,18,1,true
6.31,13,4,0,94,6,1,true
6.81,12,0,3,98,4,1,true
6.59,11,1,3,83,2,0,true
8.19,10,3,4,99,13,1,true
9.06,6,5,4,45,3,1,true
8.46,6,1,4,40,18,1,true
8.55,7,2,3,48,0,0,true
6.5,12,4,4,63,14,1,true
7.58,11,4,4,54,11,1,true
7.67,5,3,0,49,4,0,true
7.04,13,1,4,96,11,1,true
7.47,12,3,2,43,9,0,true
8.7,1,2,0,56,7,0,true
7.98,6,4,3,94,7,1,true
8.33,3,5,3,85,0,1,true
9.47,8,4,3,84,0,1,true
6.43,13,5,0,48,17,1,true
6.97,8,0,2,97,16,1,true
6.91,7,4,3,49,11,0,true
7.56,3,5,2,45,4,0,true
6.57,2,1,2,53,16,0,true
8.18,10,3,3,58,15,1,true
8.62,11,1,4,56,15,1,true
6.34,14,3,4,41,11,1,true
7.68,4,3,4,99,15,1,true
7.71,12,3,3,56,2,1,true
9.08,4,2,0,70,7,0,true
6.26,8,4,3,100,3,1,true
6.71,9,2,4,40,14,1,true
9.95,2,5,1,73,1,0,true
7.07,14,0,3,50,7,0,true
8.82,12,2,4,89,5,1,true
9.03,14,1,0,79,17,1,true
7.92,6,5,2,72,18,1,true
9.36,15,5,0,52,13,1,true
9.97,14,5,1,51,7,1,true
6.95,4,5,3,97,4,1,true
6.71,7,3,3,44,2,0,true
8.87,12,2,3,97,10,1,true
9.41,14,5,0,93,11,1,true
9.08,7,1,3,62,15,1,true
9.23,6,4,4,51,18,1,true
9.05,15,5,0,40,3,1,true
9.27,1,0,1,91,14,0,true
9.81,4,5,1,73,5,1,true
9.44,2,5,2,67,2,0,true
9.57,3,0,3,74,7,0,true
5.91,2,0,1,96,2,0,true
6.52,11,3,0,36,10,1,true
9.95,7,5,1,96,2,1,true
5.9,13,0,0,75,11,1,true
6.12,13,1,1,43,16,1,true
8.25,3,3,2,62,4,1,true
8.27,8,1,0,47,4,0,true
8.15,7,2,3,75,4,0,true
8.4,4,4,4,71,0,1,true
8.46,5,1,4,100,6,1,true
6.83,1,1,3,84,3,0,true
8.37,2,4,0,81,10,0,true
9.37,10,3,2,57,15,1,true
8.97,1,4,0,36,8,0,true
9.65,13,3,4,71,16,1,true
7.41,7,0,4,54,8,0,true
5.86,15,1,1,76,12,1,true
8.93,11,5,0,74,13,1,true
9.31,1,1,0,90,3,0,true
8.24,5,5,1,50,0,0,true
8.66,3,3,2,68,5,0,true
8.87,14,2,0,38,10,1,true
6.72,2,2,4,44,15,0,true
7.12,8,4,1,82,5,0,true
5.96,10,5,0,64,16,1,true
9.36,1,1,0,95,11,0,true
6.18,15,0,4,88,7,1,true
7.37,12,2,2,44,18,1,true
7.76,15,0,1,63,16,1,true
9.79,2,3,2,74,10,0,true
7.56,6,1,2,73,7,0,true
8.16,8,1,4,66,4,0,true
7.35,4,4,2,36,10,0,true
8.46,14,5,2,48,6,1,true
6.57,8,0,1,70,2,0,true
6.54,14,4,3,82,14,1,true
5.88,2,4,1,85,2,0,true
5.78,11,1,1,72,8,1,true
9.67,7,5,2,75,14,1,true
5.84,4,1,4,48,4,0,true
7.52,6,3,0,80,6,0,true
7.59,14,0,0,55,9,1,true
8.64,1,1,2,53,2,0,true
9.86,7,4,0,73,8,1,true
6.28,7,3,4,66,3,0,true
9.12,3,0,0,42,7,0,true
9.21,6,5,0,68,2,0,true
5.79,15,5,3,51,2,1,true
9.23,6,0,0,94,1,0,true
8.08,14,5,3,98,0,1,true
7.42,6,1,1,70,8,0,true
6.17,10,4,4,66,9,1,true
9.47,8,0,0,70,12,0,true
6.4,15,4,1,37,12,1,true
7.12,9,3,2,99,10,1,true
6.31,6,4,1,38,8,0,true
9.96,9,2,4,64,5,1,true
8.46,5,4,0,63,18,1,true
9.09,6,1,1,65,18,1,true
8.82,6,4,0,80,18,1,true
8.03,4,3,4,74,5,0,true
